{
  "project_info": {
    "project_number": "479409954328",
    "project_id": "paba-project",
    "storage_bucket": "paba-project.appspot.com"
  },
  "client": [
    {
      "client_info": {
        "mobilesdk_app_id": "1:479409954328:android:6a83841cc2c12b7143ed6d",
        "android_client_info": {
          "package_name": "com.example.pabaproject"
        }
      },
      "oauth_client": [
        {
          "client_id": "479409954328-194hhfkkrtajg4p4t6u6jo5pi6hdi5qg.apps.googleusercontent.com",
          "client_type": 3
        }
      ],
      "api_key": [
        {
          "current_key": "AIzaSyA9IMq7VrWrEkXXDQVn6DlZ-ZUeM5mBY68"
        }
      ],
      "services": {
        "appinvite_service": {
          "other_platform_oauth_client": [
            {
              "client_id": "479409954328-194hhfkkrtajg4p4t6u6jo5pi6hdi5qg.apps.googleusercontent.com",
              "client_type": 3
            }
          ]
        }
      }
    }
  ],
  "configuration_version": "1"
}